DriverID,Name,Region,ExperienceYears
1,Mark Kemp,North,7
2,Mark Harris,North,4
3,Andrea Richardson,East,8
4,David Brown,South,5
5,Karen Young,South,7
6,Ashley Nunez,South,10
7,Tony Khan,North,3
8,Jose Maxwell,North,7
9,Virginia Griffith,West,8
10,Rachel Rhodes,North,5
11,Lori Faulkner,North,4
12,Gregory Chandler,North,8
13,Clayton Mahoney,South,8
14,Samantha Reilly,South,3
15,Karen Kent,North,6
16,Joe Carlson,South,5
17,Shelley Farrell,West,2
18,Austin Johnson,South,8
19,Crystal Wallace,West,6
20,Olivia Stanley,East,2
21,Benjamin Brady,North,5
22,Susan Evans,South,1
23,Marilyn Jones,West,10
24,Christine Garcia,East,6
25,Brenda Gomez,East,9
26,Anthony Gibbs,South,1
27,Joseph Fry,South,10
28,Janet Peterson,East,3
29,Stephanie Anderson,North,7
30,Dalton Krueger,North,4
31,Mr. Robert Torres,West,9
32,Brittany Bell,North,3
33,Kenneth Ross,East,5
34,Jacob Rhodes,East,3
35,Eric Smith,East,7
36,Shawn Lee,North,5
37,Andrew Porter,West,9
38,Jessica Morgan,North,7
39,Sarah Williams,West,2
40,Ethan Taylor,North,4
41,Scott Hale,East,9
42,Anthony Miller,East,2
43,Maria Roberts,South,10
44,Anthony Stewart,North,9
45,Michaela Suarez,North,10
46,Jenny Steele,South,5
47,Jennifer Bryant,East,2
48,Catherine Snyder,North,4
49,Adrian Hayes,South,7
50,John Jones,North,8
51,James Daniels,West,3
52,Brian Hernandez,East,1
53,Larry Russell,West,4
54,Michael Dalton,East,2
55,Linda Mcneil,South,8
56,Gary Mitchell,East,4
57,Clayton Davidson,East,2
58,David Wheeler,South,6
59,Chad Herrera,East,6
60,Willie Taylor,North,10
61,Garrett Stone,South,4
62,Jaclyn Thompson,South,6
63,Jeffrey Harris,South,2
64,Gary Crawford,West,10
65,Suzanne Romero,West,2
66,Emily Rivas,East,10
67,Connie Turner,South,4
68,Jessica Levine,East,8
69,Tiffany Johnson,North,7
70,Kenneth Davis,South,9
71,Dr. Patricia Donaldson,North,8
72,Mr. Jason Coleman Jr.,East,5
73,Gina Atkinson,West,2
74,Dawn Haynes,East,5
75,Kevin Bowers,North,8
76,Ashley Solomon,South,10
77,David Jenkins,East,9
78,Matthew Yoder,South,9
79,Jay Vargas,West,1
80,Donald King,West,9
81,Christina Clark,West,7
82,Mary Rodriguez,South,9
83,Tony Ryan MD,East,8
84,George Weiss,South,1
85,Shelby Welch,South,8
86,Lauren Garcia,East,8
87,Alicia Summers,West,3
88,Michael Paul,West,1
89,Stephanie Garza,East,8
90,Kevin Fry,South,3
91,Lisa Shaffer,South,3
92,Thomas Lane,West,1
93,Brittney Williams,North,5
94,Michael Pollard,North,10
95,Carmen Mullins,North,7
96,Michele Brown,South,10
97,Vicki Williams,South,9
98,Sarah Smith,West,7
99,Jacob Gomez,North,9
100,Xavier Mcdonald,West,8
